script_name,variable,function_type,index,acc_avg
simulation_SWM.py,epsilon,l,3,"[0.6111111100000012, 0.5991166379567501, 0.5991122849517627, 0.5991025817158334, 0.5991116113287774, 0.5991097136506321, 0.5991069379324371, 0.5991202579009961, 0.5991121845825915, 0.5991119510682523, 0.5991135056319221]"
simulation_SWM.py,epsilon,q,3,"[0.590538899999999, 0.5964842608818145, 0.6009015602818409, 0.6037877299205491, 0.6051441429714884, 0.6049701859789773, 0.603834552422008, 0.6038349878236299, 0.6038361049656116, 0.6038353311807589, 0.6038349579456415]"
simulation_SWM.py,w,l,3,"[0.58711061187485, 0.5911115728103892, 0.593968137694975, 0.596110788175979, 0.5977766135834894, 0.5991104219118728, 0.6002029340065723, 0.6011110016104539, 0.601880144387498, 0.6025391656409875, 0.6031099442476927]"
simulation_SWM.py,w,q,3,"[0.6019594611481908, 0.6026664715016894, 0.6031559281924435, 0.6035024115873132, 0.6037639268235504, 0.6039766003797717, 0.6041547892771421, 0.6042805790576473, 0.6044079874169159, 0.6044916442616102, 0.6045698081368434]"
