script_name,variable,function_type,index,sw_avg
simulation_SWM.py,epsilon,l,3,"[6108985.367290565, 5958194.763698236, 5872791.334938474, 5819455.871634567, 5789401.887657613, 5761753.110123593, 5738281.8116702065, 5726621.459719862, 5706661.339382892, 5692686.117717949, 5680754.566412772]"
simulation_SWM.py,epsilon,q,3,"[5905807.371696912, 5964831.823203826, 6008662.770191869, 6035455.719599363, 6050615.566272416, 6051916.63781739, 6031657.123997492, 6014232.850345454, 6001500.593256762, 5985449.620362703, 5971479.822626474]"
simulation_SWM.py,w,l,3,"[2747245.6840813714, 3337409.2780380906, 3928153.978373257, 4523898.464863212, 5121619.515403058, 5716650.382880725, 6320645.412147284, 6918079.8421006845, 7519555.643677183, 8122049.546535001, 8727672.294667084]"
simulation_SWM.py,w,q,3,"[2995815.8929445143, 3597615.4958456475, 4201218.428610787, 4803045.4955640845, 5406559.783664972, 6010763.099902361, 6615707.134669139, 7218471.018206069, 7825781.435512703, 8427426.848588064, 9032444.21953581]"
