script_name,variable,function_type,index,acc_avg
simulation_SWM.py,epsilon,l,2,"[0.9782473000000022, 0.9662389108002871, 0.9662420803166338, 0.9662425615594014, 0.9662516790541165, 0.9662445074820137, 0.9662477390067203, 0.9662481283561477, 0.9662478086780805, 0.966249109631162, 0.9662526898121936]"
simulation_SWM.py,epsilon,q,2,"[0.9713800699999989, 0.9680309155022639, 0.9630019642086558, 0.9629996075748675, 0.9630069750548889, 0.9630009068890969, 0.9630007134787638, 0.9629987644385737, 0.9630036072380852, 0.9630007137672485, 0.962999381329277]"
simulation_SWM.py,w,l,2,"[0.9542466079710928, 0.9582471165387401, 0.961103648958734, 0.9632459753781235, 0.964913872317404, 0.9662457365161099, 0.9673370911573338, 0.9682483250123451, 0.9690177185658234, 0.9696751512410661, 0.9702472113801883]"
simulation_SWM.py,w,q,2,"[0.9557607193314165, 0.958131518336494, 0.9598474441237351, 0.9611496634857698, 0.9621735524022081, 0.9630008294583088, 0.96368453849421, 0.9642585794966091, 0.9647489819350911, 0.9651722856856587, 0.9655418943398334]"
